<?xml version="1.0"?>
<!--
/**
 * Mageplaza
 *
 * NOTICE OF LICENSE
 *
 * This source file is subject to the Mageplaza.com license that is
 * available through the world-wide-web at this URL:
 * https://www.mageplaza.com/LICENSE.txt
 *
 * DISCLAIMER
 *
 * Do not edit or add to this file if you wish to upgrade this extension to newer
 * version in the future.
 *
 * @category    Mageplaza
 * @package     Mageplaza_ExtraFee
 * @copyright   Copyright (c) Mageplaza (https://www.mageplaza.com/)
 * @license     https://www.mageplaza.com/LICENSE.txt
 */
-->
<routes xmlns:xsi="http://www.w3.org/2001/XMLSchema-instance" xsi:noNamespaceSchemaLocation="urn:magento:module:Magento_Webapi:etc/webapi.xsd">
    <route url="/V1/carts/mine/mpextrafee" method="POST">
        <service class="Mageplaza\ExtraFee\Api\RuleInterface" method="update"/>
        <resources>
            <resource ref="self"/>
        </resources>
        <data>
            <parameter name="cartId" force="true">%cart_id%</parameter>
        </data>
    </route>
    <route url="/V1/guest-carts/:cartId/mpextrafee" method="POST">
        <service class="Mageplaza\ExtraFee\Api\GuestRuleInterface" method="update"/>
        <resources>
            <resource ref="anonymous"/>
        </resources>
    </route>
    <route url="/V1/carts/mine/mpextrafee/collecttotal" method="POST">
        <service class="Mageplaza\ExtraFee\Api\RuleInterface" method="collectTotal"/>
        <resources>
            <resource ref="self"/>
        </resources>
        <data>
            <parameter name="cartId" force="true">%cart_id%</parameter>
        </data>
    </route>
    <route url="/V1/guest-carts/:cartId/mpextrafee/collecttotal" method="POST">
        <service class="Mageplaza\ExtraFee\Api\GuestRuleInterface" method="collectTotal"/>
        <resources>
            <resource ref="anonymous"/>
        </resources>
    </route>
</routes>
