<?xml version="1.0"?>
<!--
/**
 * Mageplaza
 *
 * NOTICE OF LICENSE
 *
 * This source file is subject to the Mageplaza.com license that is
 * available through the world-wide-web at this URL:
 * https://www.mageplaza.com/LICENSE.txt
 *
 * DISCLAIMER
 *
 * Do not edit or add to this file if you wish to upgrade this extension to newer
 * version in the future.
 *
 * @category    Mageplaza
 * @package     Mageplaza_AbandonedCart
 * @copyright   Copyright (c) Mageplaza (http://www.mageplaza.com/)
 * @license     https://www.mageplaza.com/LICENSE.txt
 */
-->
<config xmlns:xsi="http://www.w3.org/2001/XMLSchema-instance" xsi:noNamespaceSchemaLocation="urn:magento:framework:ObjectManager/etc/config.xsd">
    <type name="Magento\Framework\View\Element\UiComponent\DataProvider\CollectionFactory">
        <arguments>
            <argument name="collections" xsi:type="array">
                <item name="abandoned_checkout_cart_grid_data_source" xsi:type="string">\Mageplaza\AbandonedCart\Model\ResourceModel\Grid\AbandonedCarts\Collection</item>
                <item name="abandoned_product_grid_data_source" xsi:type="string">\Mageplaza\AbandonedCart\Model\ResourceModel\Grid\ProductReport\Collection</item>
            </argument>
        </arguments>
    </type>
    <type name="Mageplaza\AbandonedCart\Model\ResourceModel\Grid\AbandonedCarts\Collection">
        <arguments>
            <argument name="mainTable" xsi:type="string">mageplaza_abandonedcart_reports_index</argument>
            <argument name="resourceModel" xsi:type="string">Mageplaza\AbandonedCart\Model\ResourceModel\AbandonedCarts</argument>
        </arguments>
    </type>
    <type name="Mageplaza\AbandonedCart\Model\ResourceModel\Grid\ProductReport\Collection">
        <arguments>
            <argument name="mainTable" xsi:type="string">mageplaza_abandonedcart_product_reports_index</argument>
            <argument name="resourceModel" xsi:type="string">Mageplaza\AbandonedCart\Model\ResourceModel\ProductReport</argument>
        </arguments>
    </type>
</config>
