<?xml version="1.0"?>
<!--
/**
 * Mageplaza
 *
 * NOTICE OF LICENSE
 *
 * This source file is subject to the Mageplaza.com license that is
 * available through the world-wide-web at this URL:
 * https://www.mageplaza.com/LICENSE.txt
 *
 * DISCLAIMER
 *
 * Do not edit or add to this file if you wish to upgrade this extension to newer
 * version in the future.
 *
 * @category    Mageplaza
 * @package     Mageplaza_ExtraFee
 * @copyright   Copyright (c) Mageplaza (https://www.mageplaza.com/)
 * @license     https://www.mageplaza.com/LICENSE.txt
 */
-->
<config xmlns:xsi="http://www.w3.org/2001/XMLSchema-instance" xsi:noNamespaceSchemaLocation="urn:magento:framework:Event/etc/events.xsd">
    <event name="adminhtml_sales_order_create_process_data">
        <observer name="mp_extra_fee_order_create_add" instance="Mageplaza\ExtraFee\Observer\OrderCreateProcessData"/>
    </event>
    <event name="sales_order_invoice_save_after">
        <observer name="sales_order_invoice_save_after_extra_fee" instance="Mageplaza\ExtraFee\Observer\InvoiceSaveAfter"/>
    </event>
    <event name="sales_order_creditmemo_save_after">
        <observer name="sales_order_creditmemo_save_after_extra_fee" instance="Mageplaza\ExtraFee\Observer\CreditmemoSaveAfter"/>
    </event>
</config>
