<?xml version="1.0"?>
<!--
/**
 * Mageplaza
 *
 * NOTICE OF LICENSE
 *
 * This source file is subject to the Mageplaza.com license that is
 * available through the world-wide-web at this URL:
 * https://www.mageplaza.com/LICENSE.txt
 *
 * DISCLAIMER
 *
 * Do not edit or add to this file if you wish to upgrade this extension to newer
 * version in the future.
 *
 * @category    Mageplaza
 * @package     Mageplaza_ExtraFee
 * @copyright   Copyright (c) Mageplaza (https://www.mageplaza.com/)
 * @license     https://www.mageplaza.com/LICENSE.txt
 */
-->
<config xmlns:xsi="http://www.w3.org/2001/XMLSchema-instance" xsi:noNamespaceSchemaLocation="urn:magento:module:Magento_Config:etc/system_file.xsd">
    <system>
        <section id="mp_extra_fee" translate="label" type="text" sortOrder="300" showInDefault="1">
            <class>separator-top</class>
            <label>Extra Fee</label>
            <tab>mageplaza</tab>
            <resource>Mageplaza_ExtraFee::configuration</resource>
            <group id="general" translate="label" type="text" sortOrder="10" showInDefault="1">
                <label>General</label>
                <field id="enabled" translate="label comment" type="select" sortOrder="10" showInDefault="1">
                    <label>Enable</label>
                    <source_model>Magento\Config\Model\Config\Source\Yesno</source_model>
                    <comment><![CDATA[Select <b>Yes</b> to enable this module]]></comment>
                </field>
                <field id="calculate_options" translate="label comment" type="multiselect" sortOrder="10" showInDefault="1">
                    <label>Calculate Total includes</label>
                    <source_model>Mageplaza\ExtraFee\Model\Config\Source\CalculateOptions</source_model>
                    <comment>Apply for percentage fee type only</comment>
                </field>
            </group>
        </section>
    </system>
</config>
